City_ID,City,Country,Date,Lat,Lng,Max Temp,Humidity,Cloudiness,Wind Speed
0,Mount Gambier,AU,2022-02-05 02:26:47,-37.8333,140.7667,75.11,41,40,8.05
1,Ust-Maya,RU,2022-02-05 02:26:48,60.4167,134.5333,-20.7,94,92,1.9
2,Saint-Augustin,CA,2022-02-05 02:26:48,51.226,-58.6502,-9.26,86,100,10.04
3,Arraial Do Cabo,BR,2022-02-05 02:26:48,-22.9661,-42.0278,75.97,86,100,21.81
4,Tuatapere,NZ,2022-02-05 02:26:49,-46.1333,167.6833,59.83,52,30,7.78
5,Linqiong,CN,2022-02-05 02:26:49,30.4159,103.4609,42.62,87,98,3.56
6,Mahibadhoo,MV,2022-02-05 02:26:49,3.7833,72.9667,81.52,70,16,9.24
7,Butaritari,KI,2022-02-05 02:26:50,3.0707,172.7902,82.62,77,47,18.12
8,Kaitangata,NZ,2022-02-05 02:23:59,-46.2817,169.8464,58.32,52,17,8.12
9,Rikitea,PF,2022-02-05 02:23:59,-23.1203,-134.9692,79.05,68,4,7.18
10,Alihe,CN,2022-02-05 02:26:50,50.5667,123.7167,5.76,67,100,5.88
11,Harlingen,US,2022-02-05 02:22:15,26.1906,-97.6961,46.35,56,100,11.5
12,Cape Town,ZA,2022-02-05 02:26:51,-33.9258,18.4232,65.88,68,0,3.0
13,Sernovodskoye,RU,2022-02-05 02:26:51,43.3158,45.1637,32.99,97,100,7.34
14,Norman Wells,CA,2022-02-05 02:23:03,65.282,-126.8329,-5.76,59,75,25.32
15,Bengkulu,ID,2022-02-05 02:26:52,-3.8004,102.2655,74.84,90,100,3.42
16,Mataura,NZ,2022-02-05 02:24:07,-46.1927,168.8643,59.49,37,10,3.56
17,Acapulco,MX,2022-02-05 02:25:49,16.8634,-99.8901,76.82,78,20,2.3
18,Aklavik,CA,2022-02-05 02:26:52,68.2191,-135.0107,-21.17,91,6,17.49
19,Denpasar,ID,2022-02-05 02:26:53,-8.65,115.2167,82.06,78,75,14.97
20,Kysyl-Syr,RU,2022-02-05 02:26:53,63.8986,122.7617,-24.92,99,87,3.4
21,Busselton,AU,2022-02-05 02:26:53,-33.65,115.3333,97.05,30,14,6.62
22,Bambous Virieux,MU,2022-02-05 02:26:54,-20.3428,57.7575,80.22,89,75,17.27
23,Punta Arenas,CL,2022-02-05 02:24:00,-53.15,-70.9167,46.51,71,0,3.44
24,Lorengau,PG,2022-02-05 02:26:54,-2.0226,147.2712,85.05,63,96,8.52
25,Ushuaia,AR,2022-02-05 02:24:02,-54.8,-68.3,47.86,71,0,6.91
26,Luderitz,NA,2022-02-05 02:26:55,-26.6481,15.1594,67.84,73,86,4.43
27,Nishihara,JP,2022-02-05 02:26:55,26.1842,127.7558,62.65,50,75,12.66
28,Taltal,CL,2022-02-05 02:26:55,-25.4,-70.4833,68.65,70,0,5.41
29,Sistranda,NO,2022-02-05 02:26:56,63.7256,8.834,35.91,82,100,46.06
30,Leningradskiy,RU,2022-02-05 02:23:24,69.3833,178.4167,-16.17,93,62,8.12
31,Tonaya,MX,2022-02-05 02:26:56,19.7833,-103.9667,66.63,43,4,1.63
32,Clyde River,CA,2022-02-05 02:26:57,70.4692,-68.5914,-12.77,77,0,14.97
33,Gamba,GA,2022-02-05 02:26:57,-2.65,10.0,74.91,87,99,2.04
34,Xiaoshi,CN,2022-02-05 02:26:58,41.2971,124.1209,17.62,58,17,6.08
35,Saskylakh,RU,2022-02-05 02:26:58,71.9167,114.0833,-9.0,99,99,5.28
36,Flin Flon,CA,2022-02-05 02:26:58,54.7682,-101.865,-9.81,95,100,5.75
37,Barrow,US,2022-02-05 02:26:59,71.2906,-156.7887,-20.18,69,100,9.22
38,Yumen,CN,2022-02-05 02:26:59,40.2833,97.2,15.67,36,100,14.74
39,Ati,TD,2022-02-05 02:26:59,13.2154,18.3353,62.49,20,8,15.84
40,Port Alfred,ZA,2022-02-05 02:24:48,-33.5906,26.891,68.86,81,94,8.63
41,Jamestown,US,2022-02-05 02:24:46,42.097,-79.2353,18.72,66,100,1.99
42,Peleduy,RU,2022-02-05 02:27:00,59.6289,112.7406,6.26,96,100,4.72
43,Finnsnes,NO,2022-02-05 02:27:00,69.2296,17.9811,22.96,85,100,7.05
44,Puksoozero,RU,2022-02-05 02:27:01,62.5903,40.6066,-3.69,99,75,5.12
45,Rauma,FI,2022-02-05 02:27:01,61.1272,21.5113,32.04,99,100,7.18
46,Buchanan,LR,2022-02-05 02:27:01,5.8808,-10.0467,78.57,85,25,4.79
47,Cherskiy,RU,2022-02-05 02:27:02,68.75,161.3,-29.61,96,10,4.25
48,Los Llanos De Aridane,ES,2022-02-05 02:28:02,28.6585,-17.9182,58.75,84,0,8.01
49,Aksum,ET,2022-02-05 02:28:02,14.1245,38.7244,55.36,76,4,0.6
50,Cockburn Town,TC,2022-02-05 02:28:03,21.4612,-71.1419,75.7,74,0,18.72
51,Avarua,CK,2022-02-05 02:25:52,-21.2078,-159.775,82.45,74,20,14.97
52,Tubmanburg,LR,2022-02-05 02:28:03,6.8708,-10.8172,72.37,98,13,2.21
53,Hilo,US,2022-02-05 02:28:04,19.7297,-155.09,78.53,80,20,8.05
54,Hobart,AU,2022-02-05 02:26:17,-42.8794,147.3294,67.26,72,75,8.05
55,Bluff,NZ,2022-02-05 02:24:03,-46.6,168.3333,59.81,56,60,5.53
56,Atuona,PF,2022-02-05 02:27:52,-9.8,-139.0333,78.37,77,25,15.9
57,Dolores,AR,2022-02-05 02:28:04,-36.3132,-57.6792,63.1,96,100,2.06
58,Jumla,NP,2022-02-05 02:28:05,29.2747,82.1838,17.82,85,7,6.4
59,Ancud,CL,2022-02-05 02:28:05,-41.8697,-73.8203,56.23,90,8,3.0
60,Xuzhou,CN,2022-02-05 02:28:05,34.1805,117.1571,35.22,22,5,5.06
61,New Norfolk,AU,2022-02-05 02:28:06,-42.7826,147.0587,66.9,51,97,1.01
62,Qaanaaq,GL,2022-02-05 02:28:06,77.484,-69.3632,1.17,70,100,6.51
63,Maraba,BR,2022-02-05 02:28:06,-5.3686,-49.1178,73.35,98,100,1.9
64,Najran,SA,2022-02-05 02:28:07,17.4924,44.1277,65.05,72,3,7.87
65,Kahului,US,2022-02-05 02:28:07,20.8947,-156.47,83.46,72,40,14.97
66,Otjiwarongo,NA,2022-02-05 02:28:08,-20.4637,16.6477,65.88,78,100,1.77
67,Mayumba,GA,2022-02-05 02:28:08,-3.432,10.6554,75.74,83,100,0.56
68,Sao Joao Da Barra,BR,2022-02-05 02:25:58,-21.6403,-41.0511,76.23,85,98,21.61
69,Tiznit,MA,2022-02-05 02:25:22,29.5833,-9.5,61.63,32,100,1.28
70,Asau,RO,2022-02-05 02:28:09,46.4333,26.4,20.32,74,42,5.99
71,Vaini,TO,2022-02-05 02:28:09,-21.2,-175.2,77.16,94,75,13.8
72,Hermanus,ZA,2022-02-05 02:28:09,-34.4187,19.2345,63.81,70,1,18.03
73,Honningsvag,NO,2022-02-05 02:28:10,70.9821,25.9704,20.75,79,99,29.8
74,Kiama,AU,2022-02-05 02:28:10,-34.6833,150.8667,76.37,58,53,1.01
75,Pisco,PE,2022-02-05 02:24:57,-13.7,-76.2167,66.25,82,0,9.22
76,Fairbanks,US,2022-02-05 02:23:13,64.8378,-147.7164,7.09,63,100,0.0
77,Mumbwa,ZM,2022-02-05 02:28:11,-14.9783,27.0619,63.68,97,100,2.46
78,Vardo,NO,2022-02-05 02:28:11,70.3705,31.1107,22.21,92,100,31.85
79,Abilene,US,2022-02-05 02:26:45,32.4487,-99.7331,25.02,78,0,5.75
80,North Platte,US,2022-02-05 02:27:06,41.1239,-100.7654,32.11,54,0,1.99
81,San Diego,US,2022-02-05 02:26:42,32.7153,-117.1573,62.65,56,20,5.75
82,Lavrentiya,RU,2022-02-05 02:28:12,65.5833,-171.0,-8.81,82,1,8.86
83,Yellowknife,CA,2022-02-05 02:28:12,62.456,-114.3525,-26.45,76,100,5.75
84,Victoria,HK,2022-02-05 02:28:13,22.2855,114.1577,60.24,77,100,3.0
85,Torbay,CA,2022-02-05 02:28:13,47.6666,-52.7314,33.76,97,100,10.36
86,Grand Gaube,MU,2022-02-05 02:28:14,-20.0064,57.6608,80.38,81,99,10.0
87,Asyut,EG,2022-02-05 02:28:14,27.181,31.1837,48.2,60,5,8.84
88,Georgetown,MY,2022-02-05 02:23:22,5.4112,100.3354,84.13,80,20,4.61
89,Nikolskoye,RU,2022-02-05 02:28:15,59.7035,30.7861,18.39,88,99,11.95
90,Narsaq,GL,2022-02-05 02:28:15,60.9167,-46.05,-0.89,53,0,16.4
91,Kodiak,US,2022-02-05 02:24:09,57.79,-152.4072,38.71,81,100,3.44
92,Carnarvon,AU,2022-02-05 02:29:15,-24.8667,113.6333,104.07,16,11,12.66
93,Caravelas,BR,2022-02-05 02:29:16,-17.7125,-39.2481,75.79,91,100,6.55
94,Dingle,PH,2022-02-05 02:26:01,10.9995,122.6711,79.32,77,87,16.82
95,San Cristobal,VE,2022-02-05 02:29:16,7.7669,-72.225,71.78,90,57,1.86
96,Hithadhoo,MV,2022-02-05 02:27:58,-0.6,73.0833,81.66,73,99,11.43
97,Salinas,US,2022-02-05 02:29:17,36.6777,-121.6555,59.81,57,0,0.0
98,Mirabad,AF,2022-02-05 02:29:17,30.4362,61.8383,52.5,24,0,8.37
99,Ternate,ID,2022-02-05 02:29:18,0.8,127.4,84.27,71,100,5.64
100,Perth,AU,2022-02-05 02:29:18,-31.9333,115.8333,102.38,15,0,12.66
101,Dunedin,NZ,2022-02-05 02:28:52,-45.8742,170.5036,57.11,57,100,6.53
102,Arlit,NE,2022-02-05 02:29:18,18.7369,7.3853,56.3,23,0,7.49
103,Puerto Ayora,EC,2022-02-05 02:28:06,-0.7393,-90.3518,75.54,92,75,3.0
104,Sorland,NO,2022-02-05 02:29:19,67.667,12.6934,31.46,75,100,27.09
105,Carutapera,BR,2022-02-05 02:29:19,-1.195,-46.02,75.69,94,100,5.53
106,Shache,CN,2022-02-05 02:29:20,38.4167,77.2406,22.46,48,99,3.09
107,Cidreira,BR,2022-02-05 02:28:09,-30.1811,-50.2056,73.0,91,17,4.16
108,Adrar,MR,2022-02-05 02:29:20,20.5022,-10.0711,63.66,12,0,9.22
109,Gualaquiza,EC,2022-02-05 02:29:20,-3.4,-78.55,63.25,98,82,1.32
110,Rock Sound,BS,2022-02-05 02:29:21,24.9,-76.2,75.74,58,82,13.71
111,Tasiilaq,GL,2022-02-05 02:29:21,65.6145,-37.6368,23.16,69,100,42.73
112,Inegol,TR,2022-02-05 02:29:22,40.0781,29.5133,22.28,74,0,5.08
113,Cayenne,GF,2022-02-05 02:26:32,4.9333,-52.3333,79.09,88,75,5.99
114,Tiksi,RU,2022-02-05 02:29:22,71.6872,128.8694,-22.13,98,72,7.34
115,Hervey Bay,AU,2022-02-05 02:29:23,-25.2986,152.8535,84.04,60,17,14.0
116,Castro,BR,2022-02-05 02:25:25,-24.7911,-50.0119,64.72,98,64,3.78
117,Talara,PE,2022-02-05 02:29:23,-4.5772,-81.2719,71.73,84,31,13.27
118,Faanui,PF,2022-02-05 02:29:24,-16.4833,-151.75,80.73,75,41,14.47
119,Hirara,JP,2022-02-05 02:29:24,24.8,125.2833,62.46,67,75,16.11
120,Nioro,GM,2022-02-05 02:29:24,13.35,-15.75,75.15,12,0,3.78
121,Praia Da Vitoria,PT,2022-02-05 02:29:25,38.7333,-27.0667,57.76,100,75,11.88
122,East London,ZA,2022-02-05 02:29:25,-33.0153,27.9116,68.38,89,100,7.65
123,Veraval,IN,2022-02-05 02:29:26,20.9,70.3667,63.75,64,43,2.28
124,Port Elizabeth,ZA,2022-02-05 02:29:26,-33.918,25.5701,67.1,82,75,2.3
125,Jasper,US,2022-02-05 02:29:26,37.2001,-94.3502,23.0,62,0,1.01
126,Honiara,SB,2022-02-05 02:29:27,-9.4333,159.95,86.41,71,100,7.54
127,Orocue,CO,2022-02-05 02:29:27,4.7912,-71.3354,85.8,46,97,5.23
128,Shunyi,CN,2022-02-05 02:29:28,40.125,116.6453,28.35,22,0,15.66
129,Chokurdakh,RU,2022-02-05 02:29:28,70.6333,147.9167,-30.32,100,14,1.57
130,Albany,US,2022-02-05 02:27:08,42.6001,-73.9662,17.91,84,100,3.36
131,Seoul,KR,2022-02-05 02:29:28,37.5683,126.9778,26.17,32,0,10.36
132,Tarakan,ID,2022-02-05 02:30:29,3.3,117.6333,85.5,66,40,5.75
133,Batagay-Alyta,RU,2022-02-05 02:30:29,67.8006,130.4114,-21.03,96,56,0.96
134,Ribeira Grande,PT,2022-02-05 02:30:30,38.5167,-28.7,58.93,82,25,12.88
135,Kichera,RU,2022-02-05 02:30:30,55.9375,110.0997,4.12,94,100,1.63
136,Saint-Philippe,RE,2022-02-05 02:29:40,-21.3585,55.7679,80.15,89,100,25.64
137,Sept-Iles,CA,2022-02-05 02:30:13,50.2001,-66.3821,-0.94,65,100,1.99
138,Makakilo City,US,2022-02-05 02:30:31,21.3469,-158.0858,77.32,62,20,9.22
139,Namatanai,PG,2022-02-05 02:25:36,-3.6667,152.4333,85.5,66,80,9.04
140,Cao Bang,VN,2022-02-05 02:30:31,22.6667,106.25,58.93,62,36,2.82
141,Altay,CN,2022-02-05 02:30:32,47.8667,88.1167,9.03,56,0,7.87
142,Simbahan,PH,2022-02-05 02:30:32,6.3032,120.5836,81.46,76,72,14.56
143,Tuktoyaktuk,CA,2022-02-05 02:25:51,69.4541,-133.0374,-23.8,76,0,17.27
144,Sulechow,PL,2022-02-05 02:30:32,52.0836,15.6251,38.71,44,100,18.12
145,Dikson,RU,2022-02-05 02:30:33,73.5069,80.5464,-1.71,92,100,4.99
146,Sitka,US,2022-02-05 02:30:33,57.0531,-135.33,42.69,81,100,13.8
147,Bandarbeyla,SO,2022-02-05 02:30:34,9.4942,50.8122,71.91,75,0,3.78
148,Cabedelo,BR,2022-02-05 02:30:34,-6.9811,-34.8339,81.27,76,7,10.27
149,Oranjemund,NA,2022-02-05 02:30:34,-28.55,16.4333,63.32,87,25,8.81
150,Lagdo,CM,2022-02-05 02:30:35,9.05,13.7333,65.77,18,10,1.3
151,San Patricio,US,2022-02-05 02:30:35,28.017,-97.5169,42.84,72,6,13.98
152,Saint George,US,2022-02-05 02:27:34,37.1041,-113.5841,45.36,28,0,3.44
153,Lidingo,SE,2022-02-05 02:30:36,59.3667,18.1833,34.48,96,100,6.91
154,Airai,TL,2022-02-05 02:30:36,-8.9266,125.4092,71.83,71,97,2.68
155,Kabare,CD,2022-02-05 02:30:36,-2.4683,28.8242,60.71,96,100,1.68
156,Prijedor,BA,2022-02-05 02:30:37,44.9814,16.7131,44.28,82,100,2.26
157,Comodoro Rivadavia,AR,2022-02-05 02:29:48,-45.8667,-67.5,53.46,76,0,5.75
158,Khandyga,RU,2022-02-05 02:30:37,62.6667,135.6,-27.56,94,66,0.65
159,Bathsheba,BB,2022-02-05 02:30:38,13.2167,-59.5167,77.61,69,40,12.66
160,Bredasdorp,ZA,2022-02-05 02:25:56,-34.5322,20.0403,63.28,68,61,12.68
161,De Aar,ZA,2022-02-05 02:30:38,-30.6497,24.0123,60.42,74,0,13.51
162,Paraguacu Paulista,BR,2022-02-05 02:30:39,-22.4128,-50.5758,71.55,91,100,2.17
163,Vao,NC,2022-02-05 02:21:09,-22.6667,167.4833,80.28,87,100,11.88
164,Lugovoy,KZ,2022-02-05 02:30:39,42.9472,72.7644,27.84,47,0,7.43
165,Henties Bay,NA,2022-02-05 02:25:56,-22.116,14.2845,66.85,84,100,4.72
166,Una,IN,2022-02-05 02:30:40,20.8167,71.0333,63.75,50,53,1.79
167,Nanortalik,GL,2022-02-05 02:30:40,60.1432,-45.2371,11.88,61,82,38.97
168,Port-Gentil,GA,2022-02-05 02:30:40,-0.7193,8.7815,79.45,80,57,7.67
169,Port Hardy,CA,2022-02-05 02:30:19,50.6996,-127.4199,44.76,93,100,8.05
170,Ucluelet,CA,2022-02-05 02:30:41,48.9329,-125.5528,45.09,93,96,5.01
171,Vanimo,PG,2022-02-05 02:30:41,-2.6741,141.3028,85.8,68,53,9.28
172,Bjelovar,HR,2022-02-05 02:30:42,45.8986,16.8489,40.69,87,95,3.71
173,Sinop,TR,2022-02-05 02:30:42,41.7711,34.8709,20.17,83,68,9.48
174,Kapaa,US,2022-02-05 02:30:42,22.0752,-159.319,79.12,73,40,1.01
175,Hasaki,JP,2022-02-05 02:30:43,35.7333,140.8333,46.29,33,7,14.43
176,Ketchikan,US,2022-02-05 02:27:59,55.3422,-131.6461,44.58,87,100,4.61
177,Mahebourg,MU,2022-02-05 02:30:43,-20.4081,57.7,80.26,89,75,17.27
178,Isla Mujeres,MX,2022-02-05 02:30:44,21.2311,-86.731,75.25,83,0,5.75
179,Codrington,AU,2022-02-05 02:31:44,-38.2667,141.9667,71.47,53,98,19.3
180,Makat,KZ,2022-02-05 02:31:44,47.6469,53.3463,30.85,93,100,5.53
181,Kota Kinabalu,MY,2022-02-05 02:31:45,5.9749,116.0724,85.98,66,20,3.44
182,Salalah,OM,2022-02-05 02:31:45,17.0151,54.0924,71.69,68,75,2.3
183,Deulgaon Raja,IN,2022-02-05 02:31:45,20.0167,76.0333,63.88,26,92,4.76
184,Kabo,CF,2022-02-05 02:31:46,7.6994,18.629,66.7,20,76,5.1
185,Thinadhoo,MV,2022-02-05 02:31:46,0.5333,72.9333,81.86,71,100,11.23
186,Olafsvik,IS,2022-02-05 02:31:46,64.8945,-23.7142,27.23,65,100,22.55
187,Severo-Kurilsk,RU,2022-02-05 02:30:57,50.6789,156.125,31.26,85,92,9.22
188,Sorong,ID,2022-02-05 02:31:47,-0.8833,131.25,84.74,70,100,15.08
189,Yulara,AU,2022-02-05 02:31:48,-25.2406,130.9889,82.24,24,0,12.66
190,Ponta Do Sol,PT,2022-02-05 02:29:41,32.6667,-17.1,66.7,67,92,3.76
191,Necochea,AR,2022-02-05 02:31:48,-38.5473,-58.7368,60.04,75,100,7.49
192,Hunfeld,DE,2022-02-05 02:31:49,50.6797,9.7673,37.51,93,98,14.52
193,Balagansk,RU,2022-02-05 02:31:49,54.0103,103.0544,0.91,98,100,3.56
194,Sangmelima,CM,2022-02-05 02:31:50,2.9333,11.9833,63.48,80,92,2.71
195,Pafos,CY,2022-02-05 02:31:50,34.7667,32.4167,48.11,87,40,5.75
196,Flinders,AU,2022-02-05 02:31:50,-34.5833,150.8552,76.17,59,62,10.0
197,Avera,US,2022-02-05 02:29:23,33.194,-82.5271,51.67,83,100,14.25
198,Venice,US,2022-02-05 02:30:19,27.0998,-82.4543,71.15,94,75,6.91
199,Aguas Vermelhas,BR,2022-02-05 02:28:51,-15.7472,-41.46,66.49,98,100,3.0
200,Bethel,US,2022-02-05 02:31:51,41.3712,-73.414,31.05,82,100,10.36
201,Lompoc,US,2022-02-05 02:30:22,34.6391,-120.4579,57.51,69,0,4.61
202,Hami,CN,2022-02-05 02:31:52,42.8,93.45,26.22,31,100,2.53
203,Saldanha,ZA,2022-02-05 02:31:52,-33.0117,17.9442,60.85,73,0,9.33
204,Tobol,KZ,2022-02-05 02:31:52,52.6844,62.5794,16.66,83,100,9.91
205,Tabory,RU,2022-02-05 02:31:53,58.5198,64.5495,17.74,97,100,4.12
206,Pevek,RU,2022-02-05 02:30:41,69.7008,170.3133,-24.77,99,99,5.73
207,Tarut,SA,2022-02-05 02:31:53,26.5733,50.0369,67.98,77,99,20.47
208,Kieta,PG,2022-02-05 02:31:04,-6.2167,155.6333,86.13,71,100,11.83
209,Oksfjord,NO,2022-02-05 02:31:54,70.2396,22.3479,18.52,92,55,14.0
210,Mangan,IN,2022-02-05 02:31:54,27.5167,88.5333,49.14,94,99,1.5
211,Thompson,CA,2022-02-05 02:30:19,55.7435,-97.8558,-20.04,76,0,5.75
212,Solenzo,BF,2022-02-05 02:31:55,12.1833,-4.0833,67.84,14,5,6.6
213,Mlonggo,ID,2022-02-05 02:31:55,-6.5333,110.7,82.29,81,54,9.95
214,Labuhan,ID,2022-02-05 02:31:55,-6.8844,112.2051,84.27,71,32,8.48
215,Itarema,BR,2022-02-05 02:31:56,-2.9248,-39.9167,79.03,80,65,10.63
216,Broome,US,2022-02-05 02:31:56,42.2506,-75.833,16.7,88,100,1.99
217,Dullewala,PK,2022-02-05 02:31:56,31.8359,71.4362,50.58,61,0,4.99
218,Lasa,IT,2022-02-05 02:31:57,46.6166,10.7002,40.46,93,28,7.74
219,Chuy,UY,2022-02-05 02:31:46,-33.6971,-53.4616,68.81,94,16,4.56
220,Ust-Ordynskiy,RU,2022-02-05 02:31:57,52.805,104.7508,-7.76,93,100,2.04
221,Port Hedland,AU,2022-02-05 02:31:58,-20.3167,118.5667,93.25,59,75,18.41
222,Ostrovnoy,RU,2022-02-05 02:31:58,68.0531,39.5131,13.86,85,100,23.24
223,Katsuura,JP,2022-02-05 02:30:36,35.1333,140.3,49.19,41,97,11.21
224,Khatanga,RU,2022-02-05 02:31:59,71.9667,102.5,-35.79,100,87,2.53
225,Faya,SA,2022-02-05 02:31:59,18.3851,42.4509,53.71,92,25,5.7
226,Nemuro,JP,2022-02-05 02:31:59,43.3236,145.575,27.03,63,6,15.55
227,Constitucion,CL,2022-02-05 02:32:00,-35.3333,-72.4167,58.15,88,2,11.81
228,Mocuba,MZ,2022-02-05 02:33:00,-16.8392,36.9856,68.97,93,100,3.58
229,Anaconda,US,2022-02-05 02:33:01,46.1285,-112.9423,38.39,79,100,10.25
230,Hamilton,US,2022-02-05 02:28:55,39.1834,-84.5333,19.15,83,40,0.0
231,Oum Hadjer,TD,2022-02-05 02:33:01,13.2954,19.6966,62.44,20,2,12.44
232,Milkovo,RU,2022-02-05 02:33:01,54.7167,158.6167,18.27,88,100,7.81
233,Seymchan,RU,2022-02-05 02:33:02,62.8833,152.4333,-22.83,93,30,1.41
234,Mwinilunga,ZM,2022-02-05 02:33:02,-11.7358,24.4293,58.64,99,99,3.47
235,Santander,ES,2022-02-05 02:33:03,43.4647,-3.8044,50.47,70,100,17.0
236,Winslow,US,2022-02-05 02:31:44,35.0242,-110.6974,32.31,25,0,3.44
237,Penarroya-Pueblonuevo,ES,2022-02-05 02:33:03,38.3,-5.2667,47.44,83,100,3.91
238,Emerald,AU,2022-02-05 02:33:04,-23.5333,148.1667,84.34,42,0,11.5
239,Provideniya,RU,2022-02-05 02:33:04,64.3833,-173.3,0.07,68,1,10.18
240,Thunder Bay,CA,2022-02-05 02:29:03,48.4001,-89.3168,1.56,69,0,4.61
241,Malanje,AO,2022-02-05 02:28:29,-9.5402,16.341,61.75,96,100,3.04
242,Mar Del Plata,AR,2022-02-05 02:33:05,-38.0023,-57.5575,66.22,83,100,14.0
243,Puerto Carreno,CO,2022-02-05 02:33:06,6.189,-67.4859,82.09,58,80,3.49
244,Berlevag,NO,2022-02-05 02:33:07,70.8578,29.0864,20.62,80,100,27.49
245,Abu Dhabi,AE,2022-02-05 02:30:29,24.4667,54.3667,62.62,88,2,5.75
246,Belmonte,BR,2022-02-05 02:33:07,-15.8631,-38.8828,79.3,88,100,8.28
247,Erdemli,TR,2022-02-05 02:33:07,36.605,34.3084,46.62,54,47,6.89
248,Zyryanka,RU,2022-02-05 02:33:08,65.75,150.85,-28.41,98,100,1.5
249,Lokosovo,RU,2022-02-05 02:33:08,61.1333,74.8167,7.86,97,100,4.85
250,Lac Du Bonnet,CA,2022-02-05 02:29:37,50.2536,-96.0612,-16.29,99,93,3.31
251,Voh,NC,2022-02-05 02:33:09,-20.9667,164.7,82.26,81,100,10.4
252,Nizhnyaya Salda,RU,2022-02-05 02:32:17,58.0776,60.7202,21.99,97,100,4.29
253,Kruisfontein,ZA,2022-02-05 02:33:09,-34.0033,24.7314,64.89,78,63,4.03
254,Vila Velha,BR,2022-02-05 02:30:36,-20.3297,-40.2925,73.35,96,40,4.61
255,Aras,ES,2022-02-05 02:33:10,42.5617,-2.356,44.06,87,40,9.22
256,Inongo,CD,2022-02-05 02:33:10,-1.95,18.2667,73.22,86,100,3.11
257,Christiana,ZA,2022-02-05 02:33:11,-27.914,25.1611,63.39,88,0,11.77
258,Risor,NO,2022-02-05 02:33:11,58.7206,9.2342,32.16,67,98,19.33
259,Ocampo,MX,2022-02-05 02:33:11,21.65,-101.5,49.64,67,69,6.42
260,Ojinaga,MX,2022-02-05 02:33:12,29.5667,-104.4167,39.58,38,0,0.0
261,Apatity,RU,2022-02-05 02:33:12,67.5641,33.4031,11.61,93,100,15.26
262,Moron,AR,2022-02-05 02:33:12,-34.6534,-58.6198,74.89,78,75,4.61
263,Manavalakurichi,IN,2022-02-05 02:33:13,8.1333,77.3,78.89,74,24,2.33
264,Langsa,ID,2022-02-05 02:33:13,4.4683,97.9683,83.53,68,100,0.94
265,Dakar,SN,2022-02-05 02:33:13,14.6937,-17.4441,70.68,88,0,6.91
266,Kaseda,JP,2022-02-05 02:33:14,31.4167,130.3167,43.84,72,96,23.15
267,Angoche,MZ,2022-02-05 02:33:15,-16.2325,39.9086,73.35,93,100,6.58
268,Naze,JP,2022-02-05 02:33:15,28.3667,129.4833,56.32,64,98,17.29
269,Rassvet,RU,2022-02-05 02:33:15,46.8333,40.75,30.25,99,99,7.16
270,Araguaina,BR,2022-02-05 02:33:16,-7.1911,-48.2072,73.81,92,100,3.44
271,Bondoukou,CI,2022-02-05 02:33:16,8.0333,-2.8,71.6,18,6,1.39
272,Vinh,VN,2022-02-05 02:33:17,18.6667,105.6667,59.9,76,100,4.59
273,Doha,QA,2022-02-05 02:32:09,25.2867,51.5333,66.18,82,1,9.22
274,Nancha,CN,2022-02-05 02:34:17,47.1333,129.2667,5.77,62,41,6.31
275,Khopoli,IN,2022-02-05 02:34:18,18.7833,73.3333,67.55,56,21,3.2
276,Takoradi,GH,2022-02-05 02:34:18,4.8845,-1.7554,79.5,80,59,3.83
277,Arkansas City,US,2022-02-05 02:34:19,37.062,-97.0384,22.57,73,0,5.75
278,Leh,IN,2022-02-05 02:34:19,34.1667,77.5833,-5.15,88,100,3.44
279,Cabo San Lucas,MX,2022-02-05 02:29:40,22.8909,-109.9124,67.51,68,0,3.44
280,Poya,NC,2022-02-05 02:34:20,-21.35,165.15,84.25,77,100,10.4
281,Port Blair,IN,2022-02-05 02:30:55,11.6667,92.75,82.44,78,40,9.22
282,Assiniboia,CA,2022-02-05 02:34:20,49.6334,-105.9845,21.02,79,100,8.05
283,Kaeo,NZ,2022-02-05 02:34:21,-35.1,173.7833,76.32,88,57,13.0
284,Mettur,IN,2022-02-05 02:34:21,11.8,77.8,72.66,67,77,1.45
285,Surt,LY,2022-02-05 02:34:22,31.2089,16.5887,54.37,53,8,11.7
286,Mangrol,IN,2022-02-05 02:33:27,21.1167,70.1167,66.36,58,16,0.85
287,Never,FR,2022-02-05 02:34:22,46.9896,3.159,32.65,1,72,3.22
288,Kalakamati,BW,2022-02-05 02:34:23,-20.5929,27.3121,63.68,90,44,8.3
289,Talnakh,RU,2022-02-05 02:33:13,69.4865,88.3972,-7.64,97,92,4.7
290,Urdoma,RU,2022-02-05 02:34:23,61.7533,48.5442,-9.0,100,96,2.73
291,Solnechnyy,RU,2022-02-05 02:34:24,50.7214,136.6319,8.11,88,100,2.53
292,Hay River,CA,2022-02-05 02:34:24,60.8156,-115.7999,-14.82,76,75,9.22
293,Iqaluit,CA,2022-02-05 02:30:34,63.7506,-68.5145,-16.87,58,75,0.0
294,Santa Rosalia,MX,2022-02-05 02:34:25,27.3167,-112.2833,55.51,50,0,9.37
295,Yegorlykskaya,RU,2022-02-05 02:34:25,46.5656,40.6562,30.2,100,100,6.98
296,Ahuimanu,US,2022-02-05 02:34:26,21.4447,-157.8378,79.2,64,20,3.0
297,Sao Filipe,CV,2022-02-05 02:31:44,14.8961,-24.4956,73.08,71,0,10.6
298,Artyom,AZ,2022-02-05 02:34:26,40.4723,50.333,42.94,86,100,28.61
299,Katherine,AU,2022-02-05 02:33:23,-14.4667,132.2667,77.32,94,69,8.05
300,Petropavl,KZ,2022-02-05 02:34:27,54.8753,69.1628,16.83,81,100,7.78
301,Vila Franca Do Campo,PT,2022-02-05 02:34:18,37.7167,-25.4333,59.2,78,100,8.59
302,Abu Samrah,SY,2022-02-05 02:31:00,35.3029,37.1841,42.17,93,3,7.11
303,Morgan City,US,2022-02-05 02:34:27,29.6994,-91.2068,37.99,75,75,13.8
304,Lebu,CL,2022-02-05 02:34:28,-37.6167,-73.65,57.76,85,78,17.02
305,Isangel,VU,2022-02-05 02:32:02,-19.55,169.2667,75.18,93,100,13.33
306,Kailua,US,2022-02-05 02:34:28,21.4022,-157.7394,79.48,64,20,6.91
307,San Juan,AR,2022-02-05 02:34:29,-31.5375,-68.5364,78.98,29,0,6.6
308,Umm Lajj,SA,2022-02-05 02:34:29,25.0213,37.2685,60.4,50,15,6.69
309,Mount Isa,AU,2022-02-05 02:34:30,-20.7333,139.5,87.57,20,5,8.05
310,Viedma,AR,2022-02-05 02:34:30,-40.8135,-62.9967,63.28,68,100,21.59
311,General Roca,AR,2022-02-05 02:34:31,-39.0333,-67.5833,63.0,61,58,18.66
312,Upernavik,GL,2022-02-05 02:34:31,72.7868,-56.1549,4.06,95,100,14.52
313,Batagay,RU,2022-02-05 02:34:31,67.6333,134.6333,-31.43,96,58,0.67
314,Ecija,ES,2022-02-05 02:34:32,37.5422,-5.0826,51.58,71,100,2.3
315,Bambanglipuro,ID,2022-02-05 02:34:32,-7.95,110.2833,85.5,66,64,9.89
316,Havoysund,NO,2022-02-05 02:34:33,70.9963,24.6622,18.48,79,100,21.27
317,Tatarsk,RU,2022-02-05 02:34:33,55.219,75.9828,11.37,81,100,8.66
318,Souillac,MU,2022-02-05 02:35:33,-20.5167,57.5167,80.37,89,75,17.27
319,Fortuna,US,2022-02-05 02:35:34,40.5982,-124.1573,49.19,92,75,1.01
320,Misratah,LY,2022-02-05 02:35:34,32.3754,15.0925,56.16,44,5,13.85
321,Mokhsogollokh,RU,2022-02-05 02:35:35,61.4681,128.9203,-12.44,89,95,4.7
322,Zelenogorskiy,RU,2022-02-05 02:35:35,55.0333,87.0,10.92,99,91,3.85
323,Esna,EG,2022-02-05 02:35:35,25.2934,32.554,46.42,59,0,6.58
324,Galesong,ID,2022-02-05 02:35:36,-5.3166,119.3661,84.22,71,99,9.06
325,Huarmey,PE,2022-02-05 02:35:36,-10.0681,-78.1522,70.88,84,50,8.01
326,Natalio,PY,2022-02-05 02:35:36,-26.7167,-55.0833,70.61,99,50,2.37
327,San Carlos De Bariloche,AR,2022-02-05 02:35:37,-41.1456,-71.3082,58.75,67,75,11.5
328,Aberdeen,GB,2022-02-05 02:35:37,57.1437,-2.0981,36.66,73,35,9.22
329,Hennebont,FR,2022-02-05 02:35:37,47.8051,-3.2734,45.91,87,0,1.99
330,Klaksvik,FO,2022-02-05 02:35:38,62.2266,-6.589,34.72,56,97,18.23
331,Bubaque,GW,2022-02-05 02:35:38,11.2833,-15.8333,77.7,65,0,8.03
332,Barcelona,ES,2022-02-05 02:35:36,41.3888,2.159,55.54,87,40,1.01
333,La Ronge,CA,2022-02-05 02:35:38,55.1001,-105.2842,-7.35,71,100,8.05
334,Peniche,PT,2022-02-05 02:35:39,39.3558,-9.3811,54.63,75,93,13.38
335,Mae Sai,TH,2022-02-05 02:35:39,20.4335,99.8762,70.45,65,23,1.92
336,San Quintin,MX,2022-02-05 02:35:40,30.4833,-115.95,56.75,56,5,3.36
337,Ikorodu,NG,2022-02-05 02:35:40,6.6191,3.5041,80.56,81,1,4.03
338,Vidalia,US,2022-02-05 02:35:40,32.2177,-82.4135,58.35,94,100,0.0
339,Siedlce,PL,2022-02-05 02:35:41,52.1677,22.2901,37.56,91,100,14.94
340,Nchelenge,ZM,2022-02-05 02:35:41,-9.3451,28.734,65.62,89,100,4.47
341,Hvolsvollur,IS,2022-02-05 02:35:42,63.7533,-20.2243,24.82,62,100,9.24
342,Namibe,AO,2022-02-05 02:35:42,-15.1961,12.1522,70.48,69,17,6.29
343,Aborlan,PH,2022-02-05 02:35:42,9.4352,118.5492,79.93,83,98,13.98
344,Cairns,AU,2022-02-05 02:35:43,-16.9167,145.7667,85.06,93,40,13.8
345,Ibia,BR,2022-02-05 02:35:43,-19.4783,-46.5389,66.54,96,99,0.43
346,Mercedes,AR,2022-02-05 02:35:44,-34.6515,-59.4307,71.83,95,73,3.85
347,Winnemucca,US,2022-02-05 02:35:44,40.973,-117.7357,38.1,44,0,5.75
348,Chimore,BO,2022-02-05 02:35:44,-16.9833,-65.1333,72.52,99,100,0.67
349,Agadez,NE,2022-02-05 02:35:45,19.75,10.25,51.78,32,0,8.75
350,Chipata,ZM,2022-02-05 02:35:45,-13.6333,32.65,62.19,96,100,1.34
351,Xacmaz,AZ,2022-02-05 02:35:45,41.4635,48.806,38.88,96,100,18.81
352,Wanning,CN,2022-02-05 02:35:46,18.8003,110.3967,66.31,82,100,11.32
353,Darnah,LY,2022-02-05 02:35:46,32.767,22.6367,52.2,78,1,13.67
354,Manado,ID,2022-02-05 02:32:58,1.487,124.8455,88.57,62,20,3.44
355,Rancho Palos Verdes,US,2022-02-05 02:33:40,33.7445,-118.387,65.14,48,0,1.01
356,Khasan,RU,2022-02-05 02:35:47,42.4308,130.6434,16.41,46,5,21.59
357,Miramar,US,2022-02-05 02:35:47,25.9873,-80.2323,74.01,83,0,0.0
358,Kavieng,PG,2022-02-05 02:35:48,-2.5744,150.7967,83.97,70,100,6.8
359,Lander,US,2022-02-05 02:35:49,42.833,-108.7307,36.41,46,0,3.44
360,Tunduma,TZ,2022-02-05 02:36:49,-9.3,32.7667,56.1,98,100,3.02
361,Dabakala,CI,2022-02-05 02:36:49,8.3667,-4.4333,72.1,15,1,3.42
362,Ayagoz,KZ,2022-02-05 02:36:50,47.9714,80.4392,-1.64,86,1,7.49
363,Autazes,BR,2022-02-05 02:36:50,-3.5797,-59.1306,71.98,94,100,2.39
364,Half Moon Bay,US,2022-02-05 02:36:50,37.4636,-122.4286,58.32,63,20,0.0
365,Fallon,US,2022-02-05 02:36:51,39.4735,-118.7774,36.28,46,40,6.91
366,Roald,NO,2022-02-05 02:36:51,62.5833,6.1333,37.99,75,40,34.52
367,Itoman,JP,2022-02-05 02:36:52,26.1247,127.6694,63.37,49,75,19.57
368,Harper,LR,2022-02-05 02:36:52,4.375,-7.7169,78.6,83,80,5.48
369,Matagami,CA,2022-02-05 02:36:53,49.7502,-77.6328,-9.29,64,100,4.61
370,Kharan,PK,2022-02-05 02:36:53,28.5833,65.4167,52.83,17,0,3.47
371,Dukat,RU,2022-02-05 02:36:53,62.55,155.55,-8.9,74,5,7.61
372,Quatre Cocos,MU,2022-02-05 02:34:58,-20.2078,57.7625,80.1,86,99,19.28
373,Ilulissat,GL,2022-02-05 02:36:54,69.2167,-51.1,10.42,67,75,13.8
374,Korla,CN,2022-02-05 02:36:15,41.7597,86.1469,26.37,44,100,5.7
375,Akhmeta,GE,2022-02-05 02:36:54,42.0311,45.2075,36.12,74,100,15.32
376,Tambacounda,SN,2022-02-05 02:36:55,13.7539,-13.7586,74.86,11,0,6.98
377,Mehamn,NO,2022-02-05 02:36:55,71.0357,27.8492,19.44,83,100,28.9
378,Sioux Lookout,CA,2022-02-05 02:36:55,50.1001,-91.917,-3.62,76,0,2.3
379,Lae,PG,2022-02-05 02:36:56,-6.7221,146.9847,88.03,61,65,7.72
380,Strezhevoy,RU,2022-02-05 02:32:07,60.7333,77.5889,22.98,95,100,8.3
381,Aasiaat,GL,2022-02-05 02:36:56,68.7098,-52.8699,4.14,77,100,16.44
382,Egvekinot,RU,2022-02-05 02:35:15,66.3167,-179.1667,-4.81,70,0,11.81
383,Pinega,RU,2022-02-05 02:36:57,64.7001,43.3936,-6.03,100,98,5.12
384,Ewo,CG,2022-02-05 02:36:57,-0.8725,14.8206,72.21,81,100,1.21
385,Touros,BR,2022-02-05 02:36:57,-5.1989,-35.4608,81.5,74,4,12.91
386,Vaitape,PF,2022-02-05 02:34:45,-16.5167,-151.75,80.62,75,62,13.33
387,Gimli,CA,2022-02-05 02:36:58,50.6336,-96.9907,-10.57,70,100,4.61
388,Longyan,CN,2022-02-05 02:36:58,25.1072,117.0225,53.6,73,93,2.17
389,Zhigansk,RU,2022-02-05 02:36:59,66.7697,123.3711,-27.02,98,99,4.99
390,Road Town,VG,2022-02-05 02:32:08,18.4167,-64.6167,75.0,76,100,18.99
391,Kununurra,AU,2022-02-05 02:36:59,-15.7667,128.7333,80.58,89,100,6.91
392,Minsk,BY,2022-02-05 02:35:50,53.9,27.5667,22.75,96,100,12.73
393,Nelson Bay,AU,2022-02-05 02:37:00,-32.7167,152.15,76.28,56,37,4.0
394,Geraldton,AU,2022-02-05 02:37:00,-28.7667,114.6,106.21,8,0,18.41
395,Varese,IT,2022-02-05 02:34:53,45.8291,8.8219,42.35,86,10,1.99
396,Wajid,SO,2022-02-05 02:37:01,3.8093,43.2471,71.06,66,19,16.06
397,Roanoke Rapids,US,2022-02-05 02:37:01,36.4615,-77.6542,49.21,100,100,8.05
398,Goksun,TR,2022-02-05 02:37:02,38.021,36.4973,27.55,97,6,7.38
399,Mangai,CD,2022-02-05 02:37:02,-4.05,19.5333,68.52,94,95,1.59
400,Mezen,RU,2022-02-05 02:37:02,65.8522,44.24,-6.68,100,100,6.87
401,Sosnovo-Ozerskoye,RU,2022-02-05 02:37:03,52.5249,111.5418,2.62,87,97,10.45
402,Pangoa,PE,2022-02-05 02:37:03,-12.1167,-73.0,68.32,99,62,1.95
403,Imbituba,BR,2022-02-05 02:37:03,-28.24,-48.6703,79.83,96,100,9.84
404,Russell,US,2022-02-05 02:37:04,32.3502,-85.1999,42.08,88,100,10.36
405,Beira,MZ,2022-02-05 02:37:04,-19.8436,34.8389,82.49,78,20,6.91
406,General Pico,AR,2022-02-05 02:37:05,-35.6566,-63.7568,61.56,92,98,6.6
407,Skibbereen,IE,2022-02-05 02:33:33,51.55,-9.2667,48.11,77,67,17.02
408,Esfahan,IR,2022-02-05 02:32:41,32.6572,51.6776,38.84,67,0,6.55
409,Indiana,US,2022-02-05 02:38:05,40.0003,-86.2503,19.58,82,100,0.0
410,Haines Junction,CA,2022-02-05 02:38:06,60.7522,-137.5108,-5.85,77,100,1.14
411,Hofn,IS,2022-02-05 02:33:24,64.2539,-15.2082,25.63,65,100,13.73
412,Kloulklubed,PW,2022-02-05 02:38:06,7.0419,134.2556,82.9,81,33,18.05
413,Jining,CN,2022-02-05 02:35:05,35.405,116.5814,37.0,1,89,5.28
414,Oussouye,SN,2022-02-05 02:38:07,12.485,-16.5469,71.31,51,0,5.66
415,Rozhyshche,UA,2022-02-05 02:38:07,50.9154,25.2691,35.13,79,100,12.01
416,Esperance,AU,2022-02-05 02:38:07,-33.8667,121.9,85.84,46,4,9.08
417,Cherdyn,RU,2022-02-05 02:38:08,60.403,56.4787,11.97,93,100,3.96
418,Presidencia Roque Saenz Pena,AR,2022-02-05 02:38:08,-26.7852,-60.4388,72.09,97,100,5.3
419,Acari,PE,2022-02-05 02:38:09,-15.4311,-74.6158,72.57,76,9,3.36
420,Grants,US,2022-02-05 02:38:09,35.1473,-107.8514,21.43,63,0,6.91
421,Palana,RU,2022-02-05 02:38:10,59.1167,159.9667,15.82,72,99,11.81
422,Asosa,ET,2022-02-05 02:38:10,10.0667,34.5333,60.17,24,82,5.99
423,Anchorage,US,2022-02-05 02:38:10,61.2181,-149.9003,27.91,90,75,0.0
424,Paamiut,GL,2022-02-05 02:38:01,61.994,-49.6678,5.38,92,100,7.9
425,Brae,GB,2022-02-05 02:38:11,60.3964,-1.353,40.91,66,100,24.63
426,Temir,KZ,2022-02-05 02:38:11,49.1414,57.13,26.01,89,100,16.31
427,Griffith,US,2022-02-05 02:38:12,41.5284,-87.4237,19.56,82,100,4.0
428,Kudahuvadhoo,MV,2022-02-05 02:34:17,2.6708,72.8944,81.7,73,17,10.56
429,Nuevo Casas Grandes,MX,2022-02-05 02:34:36,30.4167,-107.9167,28.74,38,0,3.0
430,Swan Hill,AU,2022-02-05 02:34:20,-35.3378,143.5544,81.7,25,68,9.44
431,Teya,RU,2022-02-05 02:38:12,60.3778,92.6267,18.37,90,100,8.52
432,Lata,PT,2022-02-05 02:38:13,40.1629,-8.3327,47.05,96,73,1.86
433,Chiang Mai,TH,2022-02-05 02:38:13,18.75,99.0,77.05,66,75,1.14
434,Markova,UA,2022-02-05 02:38:14,48.6758,24.4138,24.93,85,94,6.4
435,Te Anau,NZ,2022-02-05 02:38:14,-45.4167,167.7167,64.02,39,4,4.9
436,Itarantim,BR,2022-02-05 02:38:14,-15.6597,-40.0656,70.97,97,100,1.54
437,Mabaruma,GY,2022-02-05 02:38:15,8.2,-59.7833,73.09,91,11,3.2
438,Newport,GB,2022-02-05 02:36:05,51.5877,-2.9984,42.85,84,15,7.78
439,Port Lincoln,AU,2022-02-05 02:36:11,-34.7333,135.8667,73.13,59,6,10.67
440,Sambava,MG,2022-02-05 02:38:15,-14.2667,50.1667,75.92,81,100,5.08
441,Makinsk,KZ,2022-02-05 02:38:16,52.6292,70.4169,3.09,80,100,5.97
442,Saint-Louis,SN,2022-02-05 02:38:16,16.3333,-15.0,73.02,9,0,9.35
443,Fort Nelson,CA,2022-02-05 02:38:16,58.8053,-122.7002,-9.81,70,100,2.3
444,Kiunga,PG,2022-02-05 02:38:17,-6.1219,141.2906,93.34,46,93,3.65
445,Kankan,GN,2022-02-05 02:38:17,10.3854,-9.3057,70.21,18,5,3.02
446,La Reforma,MX,2022-02-05 02:38:17,25.0833,-108.05,64.74,72,0,9.01
447,Saeby,DK,2022-02-05 02:38:18,57.3319,10.5225,37.33,76,10,22.59
448,Niigata,JP,2022-02-05 02:38:18,37.9022,139.0236,31.95,74,75,26.46
449,Keti Bandar,PK,2022-02-05 02:38:19,24.1447,67.4497,69.4,55,1,6.46
450,Sechenovo,RU,2022-02-05 02:38:19,55.2244,45.8906,19.76,95,100,10.87
451,Hengyang,CN,2022-02-05 02:38:19,26.8881,112.615,47.55,71,90,4.18
452,Barrancabermeja,CO,2022-02-05 02:38:20,7.0653,-73.8547,73.27,95,13,1.79
453,Smithers,CA,2022-02-05 02:38:20,54.7804,-127.1743,37.72,87,100,3.44
454,Pontianak,ID,2022-02-05 02:38:20,-0.0333,109.3333,82.38,78,20,3.44
455,Pangody,RU,2022-02-05 02:39:21,65.85,74.4859,9.59,96,100,6.53
456,Kaabong,UG,2022-02-05 02:39:21,3.4836,34.1492,66.69,49,100,1.74
457,Elk City,US,2022-02-05 02:39:22,35.412,-99.4043,29.08,59,0,0.0
458,Bakau,GM,2022-02-05 02:39:22,13.4781,-16.6819,66.34,77,0,0.0
459,Lima,PE,2022-02-05 02:34:34,-12.0432,-77.0282,68.4,68,0,14.97
460,Elat,IL,2022-02-05 02:39:23,29.5581,34.9482,57.04,51,40,9.22
461,Komsomolskiy,UZ,2022-02-05 02:39:23,40.4272,71.7189,29.62,68,100,6.91
462,Copiapo,CL,2022-02-05 02:36:01,-27.3667,-70.3333,67.55,60,0,0.96
463,Leshukonskoye,RU,2022-02-05 02:39:24,64.8989,45.7622,-9.24,100,99,4.45
464,Porto Novo,BJ,2022-02-05 02:39:24,6.4965,2.6036,80.42,90,0,3.83
465,Rorvik,NO,2022-02-05 02:39:24,64.8621,11.2373,37.83,93,100,41.65
466,Farafangana,MG,2022-02-05 02:39:25,-22.8167,47.8333,77.5,91,100,19.3
467,Shingu,JP,2022-02-05 02:39:25,33.7333,135.9833,40.19,45,11,16.8
468,Altamira,BR,2022-02-05 02:39:25,-3.2033,-52.2064,72.09,96,97,2.01
469,Joue-Les-Tours,FR,2022-02-05 02:39:26,47.3522,0.6691,34.14,100,0,2.3
470,Meadow Lake,US,2022-02-05 02:39:26,34.8014,-106.5436,26.8,80,0,3.49
471,Bursa,TR,2022-02-05 02:39:27,40.1667,29.0833,19.44,64,1,3.29
472,Ronne,DK,2022-02-05 02:39:27,55.1009,14.7066,39.11,87,75,20.71
473,Kavaratti,IN,2022-02-05 02:39:27,10.5669,72.642,77.68,59,82,4.74
474,Moa,CU,2022-02-05 02:39:28,20.6569,-74.9403,73.56,80,15,11.45
475,Shimoda,JP,2022-02-05 02:35:36,34.6667,138.95,47.1,48,8,29.48
476,Pavilosta,LV,2022-02-05 02:39:28,56.8879,21.1859,37.35,97,100,20.0
477,Yar-Sale,RU,2022-02-05 02:37:07,66.8333,70.8333,-1.53,100,90,5.66
478,Leczna,PL,2022-02-05 02:37:40,51.3012,22.8814,35.91,93,100,11.5
479,Iralaya,HN,2022-02-05 02:39:29,15.0,-83.2333,76.75,81,7,8.19
480,Jalu,LY,2022-02-05 02:39:29,29.0331,21.5482,49.06,76,0,6.87
481,Piacabucu,BR,2022-02-05 02:39:30,-10.4056,-36.4344,78.22,76,29,8.43
482,Bara,NG,2022-02-05 02:39:30,10.3744,10.7288,61.23,23,0,8.05
483,Pangnirtung,CA,2022-02-05 02:35:43,66.1451,-65.7125,-18.4,69,40,3.44
484,Ulaangom,MN,2022-02-05 02:39:31,49.9811,92.0667,-19.61,94,93,0.54
485,Kaitong,CN,2022-02-05 02:39:31,44.8135,123.15,8.26,69,13,8.97
486,Goderich,CA,2022-02-05 02:39:31,43.7501,-81.7165,12.9,78,100,4.61
487,Weligama,LK,2022-02-05 02:39:32,5.9667,80.4167,78.04,74,35,4.9
488,Pemberton,CA,2022-02-05 02:39:32,50.3164,-122.8027,37.26,96,100,4.59
489,Taree,AU,2022-02-05 02:39:32,-31.9,152.4667,75.58,50,100,20.71
490,Chapleau,CA,2022-02-05 02:39:33,47.8405,-83.4034,-20.11,76,0,0.0
491,Santa Cruz De La Palma,ES,2022-02-05 02:39:33,28.6835,-17.7642,62.74,67,0,3.44
492,Alyangula,AU,2022-02-05 02:36:18,-13.8483,136.4192,78.67,89,40,9.22
493,La Cruz,MX,2022-02-05 02:39:34,23.9167,-106.9,62.37,70,0,7.27
494,Quibor,VE,2022-02-05 02:39:34,9.9287,-69.6201,68.86,75,11,3.6
495,Husavik,IS,2022-02-05 02:39:33,66.0449,-17.3389,10.31,92,100,7.87
496,Yaan,NG,2022-02-05 02:39:35,7.3833,8.5667,76.3,14,0,8.79
497,Tura,IN,2022-02-05 02:39:35,25.5198,90.2201,57.74,85,31,2.26
498,Oktyabrskiy,RU,2022-02-05 02:39:35,54.4815,53.471,23.77,91,100,4.54
499,Moose Factory,CA,2022-02-05 02:40:36,51.2585,-80.6094,-14.8,70,0,4.61
500,Zheleznodorozhnyy,RU,2022-02-05 02:40:36,55.7503,38.0042,16.21,100,82,3.22
501,Hambantota,LK,2022-02-05 02:40:33,6.1241,81.1185,75.54,100,81,2.3
502,Rivers,CA,2022-02-05 02:40:37,50.0308,-100.2403,-8.45,99,100,7.09
503,North Bend,US,2022-02-05 02:40:37,43.4065,-124.2243,49.15,99,100,0.0
504,Kasongo-Lunda,CD,2022-02-05 02:40:37,-6.4667,16.8167,67.48,98,94,0.98
505,Ozinki,RU,2022-02-05 02:40:38,51.1786,49.6769,29.43,98,100,1.95
506,Pacific Grove,US,2022-02-05 02:39:25,36.6177,-121.9166,57.97,64,0,3.0
507,College,US,2022-02-05 02:37:44,64.8569,-147.8028,6.75,63,100,0.0
508,Homer,US,2022-02-05 02:40:39,59.6425,-151.5483,33.67,86,0,5.75
509,Rabupura,IN,2022-02-05 02:40:39,28.25,77.6,48.38,83,0,2.3
510,Waipawa,NZ,2022-02-05 02:39:04,-41.4122,175.5153,56.44,93,100,10.0
511,West Bay,KY,2022-02-05 02:40:39,19.3667,-81.4167,75.27,89,40,1.99
512,Kumeny,RU,2022-02-05 02:40:40,58.1089,49.9161,17.85,94,100,12.12
513,Longyearbyen,SJ,2022-02-05 02:39:54,78.2186,15.6401,15.64,53,20,20.71
514,Saint-Georges,GD,2022-02-05 02:38:54,12.0564,-61.7485,76.68,83,75,6.91
515,Skelleftea,SE,2022-02-05 02:40:41,64.7507,20.9528,33.01,69,100,9.22
516,Sibolga,ID,2022-02-05 02:40:41,1.7427,98.7792,81.63,70,100,0.76
517,Coquimbo,CL,2022-02-05 02:39:02,-29.9533,-71.3436,64.13,82,0,4.61
518,Itacarambi,BR,2022-02-05 02:40:42,-15.1022,-44.0919,71.13,95,100,1.95
519,Mecca,SA,2022-02-05 02:40:42,21.4267,39.8261,57.67,51,3,11.9
520,Karratha,AU,2022-02-05 02:40:42,-20.7377,116.8463,93.38,52,49,19.1
521,Tongliao,CN,2022-02-05 02:40:43,43.6125,122.2653,11.62,71,2,11.81
522,Domoni,KM,2022-02-05 02:40:43,-12.2569,44.5319,79.57,80,17,9.08
523,Shetpe,KZ,2022-02-05 02:40:44,44.1667,52.1167,35.06,96,100,10.94
524,Anadyr,RU,2022-02-05 02:40:44,64.75,177.4833,-6.02,79,0,4.81
525,Bonavista,CA,2022-02-05 02:40:44,48.6499,-53.1147,29.12,94,100,22.66
526,Bontang,ID,2022-02-05 02:40:45,0.1333,117.5,83.08,69,100,6.51
527,Sola,VU,2022-02-05 02:40:45,-13.8833,167.55,82.54,77,100,21.34
528,Guerrero Negro,MX,2022-02-05 02:36:17,27.9769,-114.0611,60.53,35,0,1.88
529,Mitsamiouli,KM,2022-02-05 02:40:46,-11.3847,43.2844,81.43,76,99,11.34
530,Hokitika,NZ,2022-02-05 02:40:46,-42.7167,170.9667,61.54,81,100,7.74
531,Coahuayana,MX,2022-02-05 02:40:46,18.7333,-103.6833,76.48,79,3,3.0
532,Poso,ID,2022-02-05 02:40:47,-1.3959,120.7524,85.64,64,93,4.45
533,Asfi,MA,2022-02-05 02:40:47,32.2994,-9.2372,61.36,58,83,13.51
534,Capoeiras,BR,2022-02-05 02:40:48,-8.7347,-36.6267,65.57,89,19,6.8
535,Marzuq,YE,2022-02-05 02:40:48,14.4,46.4667,61.41,28,0,5.17
536,Axim,GH,2022-02-05 02:40:49,4.8699,-2.2405,78.01,85,1,5.93
537,Hondo,JP,2022-02-05 02:39:16,32.45,130.2,39.15,62,100,20.33
538,Kostomuksha,RU,2022-02-05 02:40:49,64.571,30.5767,17.83,83,100,17.29
539,Pelym,RU,2022-02-05 02:40:50,61.0108,61.9978,8.62,97,100,2.1
540,Barentu,ER,2022-02-05 02:40:50,15.1139,37.5928,60.84,82,2,3.62
541,Palmer,US,2022-02-05 02:40:50,42.1584,-72.3287,29.75,84,100,3.0
542,Zhicheng,CN,2022-02-05 02:40:52,30.2956,111.5047,46.11,52,7,5.21
543,Progreso,MX,2022-02-05 02:40:53,21.2833,-89.6667,76.1,88,78,10.4
544,Terrace,CA,2022-02-05 02:40:54,54.5163,-128.6035,42.42,93,100,18.41
545,Kaohsiung,TW,2022-02-05 02:40:54,22.6163,120.3133,67.95,70,20,4.0
546,Ukiah,US,2022-02-05 02:40:02,39.1502,-123.2078,57.09,57,0,3.44
547,Nieuwpoort,BE,2022-02-05 02:41:55,51.1244,2.7735,43.09,78,20,6.91
548,Barra Do Bugres,BR,2022-02-05 02:41:55,-15.0725,-57.1811,73.51,91,90,2.37
549,Fare,PF,2022-02-05 02:39:18,-16.7,-151.0167,80.51,75,75,14.03
550,Bose,IT,2022-02-05 02:41:55,45.4612,8.0137,41.2,84,16,2.84
551,San Javier,ES,2022-02-05 02:41:56,37.8063,-0.8374,57.81,82,84,1.01
552,Nassau,US,2022-02-05 02:41:56,40.7507,-73.5829,31.71,80,100,1.01
553,Prenzlau,DE,2022-02-05 02:41:57,53.3167,13.8667,39.22,75,96,20.42
554,Caborca,MX,2022-02-05 02:41:57,30.5838,-111.101,49.15,19,4,9.86
555,Xuddur,SO,2022-02-05 02:41:57,4.1213,43.8894,66.92,76,21,17.09
